{"2wikimqa": 21.180000000000003, "gov_report": 19.673333333333336, "hotpotqa": 20.563333333333336, "lcc": 48.21333333333333, "multi_news": 18.85666666666667, "multifieldqa_en": 26.39, "passage_count": 3.2099999999999995, "passage_retrieval_en": 6.833333333333333, "qasper": 16.76, "repobench-p": 40.4, "samsum": 33.65, "trec": 48.666666666666664, "triviaqa": 57.72666666666667, "avg": 27.85564102564103}