{"mamba1": {"1024_512": 4.767434358596802, "1024_1024": 9.078895807266235, "2048_512": 5.070956707000732, "2048_1024": 9.448751211166382, "4096_512": 5.764981985092163, "4096_1024": 9.994999647140503, "6144_512": 6.346825361251831, "6144_1024": 10.608063220977783, "8192_512": 6.894140958786011, "8192_1024": 11.280070781707764}, "remamba1": {"1024_512": 4.986617565155029, "1024_1024": 9.314974784851074, "2048_512": 5.540487289428711, "2048_1024": 9.881915092468262, "4096_512": 6.648251533508301, "4096_1024": 10.9894700050354, "6144_512": 7.774839162826538, "6144_1024": 12.064017295837402, "8192_512": 8.734840154647827, "8192_1024": 13.122028589248657}, "mamba2": {"1024_512": 5.4580535888671875, "1024_1024": 8.935285568237305, "2048_512": 4.962575197219849, "2048_1024": 9.218054294586182, "4096_512": 5.752135515213013, "4096_1024": 9.828249454498291, "6144_512": 6.138748407363892, "6144_1024": 10.41021466255188, "8192_512": 6.8191516399383545, "8192_1024": 11.005237817764282}, "remamba2": {"1024_512": 4.900505065917969, "1024_1024": 9.202992677688599, "2048_512": 5.422897100448608, "2048_1024": 9.6836416721344, "4096_512": 6.441617250442505, "4096_1024": 10.718705177307129, "6144_512": 7.5348427295684814, "6144_1024": 11.775198936462402, "8192_512": 8.58281135559082, "8192_1024": 12.857240200042725}, "llama3b": {"1024_512": 11.895201921463013, "1024_1024": 21.235602378845215, "2048_512": 12.635664939880371, "2048_1024": 25.625247955322266, "4096_512": 18.265295267105103, "4096_1024": 35.65250110626221, "6144_512": 24.109034299850464, "6144_1024": 45.89191746711731, "8192_512": 29.270697116851807, "8192_1024": 56.351526737213135}}