{"mamba2.8b": {"128_128": 1.1950724124908447, "128_256": 2.2845373153686523, "128_512": 4.53033971786499, "128_1024": 8.819108247756958, "128_2048": 17.636502504348755, "128_4096": 34.93801498413086, "256_128": 0.9754288196563721, "256_256": 2.0596139430999756, "256_512": 4.232388496398926, "256_1024": 8.577335596084595, "256_2048": 17.265804052352905, "256_4096": 35.20503807067871, "512_128": 1.054246187210083, "512_256": 2.139392852783203, "512_512": 4.312587738037109, "512_1024": 8.6553635597229, "512_2048": 17.343421697616577, "512_4096": 35.3933687210083, "1024_128": 1.2122185230255127, "1024_256": 2.296541452407837, "1024_512": 4.469169616699219, "1024_1024": 8.811439037322998, "1024_2048": 17.501710414886475, "1024_4096": 35.389933824539185, "2048_128": 1.5203299522399902, "2048_256": 2.605476140975952, "2048_512": 4.777909517288208, "2048_1024": 9.121630907058716, "2048_2048": 17.810078382492065, "2048_4096": 35.59398365020752, "4096_128": 2.146509885787964, "4096_256": 3.2309556007385254, "4096_512": 5.40447211265564, "4096_1024": 9.749220371246338, "4096_2048": 18.437809944152832, "4096_4096": 36.37802696228027, "8192_128": 3.9618313312530518, "8192_256": 4.78044581413269, "8192_512": 6.892179012298584, "8192_1024": 11.272364616394043, "8192_2048": 20.047953605651855, "8192_4096": 37.398943185806274, "16384_128": 6.486093521118164, "16384_256": 7.1932594776153564, "16384_512": 9.374320983886719, "16384_1024": 13.813834190368652, "16384_2048": 22.481184720993042, "16384_4096": 39.87165665626526}, "remamba2.8b": {"128_128": 1.2622077465057373, "128_256": 2.326551914215088, "128_512": 4.507022857666016, "128_1024": 8.851669311523438, "128_2048": 17.55463218688965, "128_4096": 35.13785433769226, "256_128": 1.0551562309265137, "256_256": 2.141007423400879, "256_512": 4.313154220581055, "256_1024": 8.657208681106567, "256_2048": 17.347504377365112, "256_4096": 35.12740206718445, "512_128": 1.1919875144958496, "512_256": 2.2770204544067383, "512_512": 4.449455261230469, "512_1024": 8.793938636779785, "512_2048": 17.484326601028442, "512_4096": 35.46411657333374, "1024_128": 1.4684340953826904, "1024_256": 2.5537803173065186, "1024_512": 4.725562572479248, "1024_1024": 9.071272373199463, "1024_2048": 17.759563207626343, "1024_4096": 35.74139142036438, "2048_128": 2.0188050270080566, "2048_256": 3.1038005352020264, "2048_512": 5.275235891342163, "2048_1024": 9.619585990905762, "2048_2048": 18.310309648513794, "2048_4096": 36.293697357177734, "4096_128": 3.1281354427337646, "4096_256": 4.210965394973755, "4096_512": 6.38253927230835, "4096_1024": 10.726177453994751, "4096_2048": 19.416777849197388, "4096_4096": 37.29433274269104, "8192_128": 5.6524786949157715, "8192_256": 6.595881223678589, "8192_512": 8.762512922286987, "8192_1024": 13.115254878997803, "8192_2048": 21.864952325820923, "8192_4096": 39.421815633773804, "16384_128": 10.004682064056396, "16384_256": 10.904613494873047, "16384_512": 13.156949043273926, "16384_1024": 17.42962336540222, "16384_2048": 26.493043422698975, "16384_4096": 43.58576440811157}, "llama3b": {"128_128": 3.508347511291504, "128_256": 5.27142858505249, "128_512": 10.518496036529541, "128_1024": 21.0124831199646, "128_2048": 42.71954679489136, "128_4096": 99.49814629554749, "256_128": 2.7152645587921143, "256_256": 5.341333866119385, "256_512": 10.556313514709473, "256_1024": 21.016632080078125, "256_2048": 42.66947293281555, "256_4096": 99.00633907318115, "512_128": 2.81831431388855, "512_256": 5.435672998428345, "512_512": 10.660093307495117, "512_1024": 21.163746118545532, "512_2048": 43.573315382003784, "512_4096": 102.34232783317566, "1024_128": 3.020280122756958, "1024_256": 5.626321792602539, "1024_512": 10.892811298370361, "1024_1024": 21.573384284973145, "1024_2048": 46.19558763504028, "1024_4096": 109.58271980285645, "2048_128": 3.635821580886841, "2048_256": 6.534801006317139, "2048_512": 12.537541151046753, "2048_1024": 25.45031976699829, "2048_2048": 54.69365954399109, "2048_4096": 128.00801992416382, "4096_128": 5.61963152885437, "4096_256": 9.676359415054321, "4096_512": 18.014779329299927, "4096_1024": 35.5658962726593, "4096_2048": 74.16873550415039, "4096_4096": 166.4753234386444, "8192_128": 10.15221643447876, "8192_256": 16.3164701461792, "8192_512": 29.324772357940674, "8192_1024": 56.67752552032471, "8192_2048": 113.99214315414429, "8192_4096": 243.66223287582397, "16384_128": 19.50215768814087, "16384_256": 30.37255859375, "16384_512": 52.93524765968323, "16384_1024": 98.90614628791809, "16384_2048": 194.72024083137512, "16384_4096": 400.7450203895569}}